Store Name,Address,City,State,Zipcode,Phone,URL,Country,Region
,Country,"Region
Anchorage",330 W DIMOND BLVD,ANCHORAGE,AK,99515-1903,US,
S Winnipeg,2365 MCGILLIVRAY BLVD,WINNIPEG,CA,R3Y 0A1,(204) 487-5100,,CA,WC
W Winnipeg,1315 ST JAMES ST,WINNIPEG,CA,R3H 0K9,(204) 788-4415,,CA,WC
E Winnipeg,1499 REGENT AVE W,WINNIPEG,CA,R2C 4M4,(204) 654-4214,,CA,WC
Regina,2110 ANAQUOD ROAD,REGINA,CA,S4V 3T7,(306) 271-0912,,CA,WC
Windsor,4411 WALKER RD,WINDSOR,CA,N8W 3T6,(519) 972-1899,,CA,EC
N London,693 WONDERLAND RD N,LONDON,CA,N6H 4L1,(519) 474-5301,,CA,EC
Westminster ON,4313 WELLINGTON RD S,LONDON,CA,N6E 2Z8,(519) 680-1027,,CA,EC
Medicine Hat,2350 BOX SPRINGS BLVD NW,MEDICINE HAT,CA,T1C 0C8,(403) 581-5700,,CA,WC
S Saskatoon,225 MARKET DRIVE,SASKATOON,CA,S7V 0L2,(306) 700-2883,,CA,WC
Saskatoon,115 MARQUIS DR W,SASKATOON,CA,S7R 1C7,(306) 933-4262,,CA,WC
Waterloo,930 ERB ST W,WATERLOO,CA,N2J 3Z4,(226) 215-1150,,CA,EC
Kitchener,4438 KING STE,KITCHENER,CA,N2P 2G4,(519) 650-3330,,CA,EC
Guelph,19 ELMIRA RD S,GUELPH,CA,N1K 0B6,(519) 780-5700,,CA,EC
Lethbridge,3200 MAYOR MAGRATH DR S,LETHBRIDGE,CA,T1K 6Y6,(403) 320-8917,,CA,WC
Ancaster,100 LEGEND CRT,ANCASTER,CA,L9K 1J3,(905) 304-0344,,CA,EC
Burlington ON,1225 BRANT ST,BURLINGTON,CA,L7P 1X7,(905) 336-6714,,CA,EC
Sudbury,1465 KINGSWAY,SUDBURY,CA,P3B 0A5,(705) 524-8255,,CA,EC
Stoney Creek,1330 SOUTH SERVICE RD,STONEY CREEK,CA,L8E 5C5,(289) 335-4820,,CA,EC
S Mississauga,3180 LAIRD RD,MISSISSAUGA,CA,L5L 6A5,(905) 828-3340,,CA,EC
Brampton,100 BISCAYNE CRES,BRAMPTON,CA,L6W 4S1,(905) 450-9300,,CA,EC
N Mississauga,5900 RODEO DR,MISSISSAUGA,CA,L5R 3S9,(905) 568-4828,,CA,EC
NW Vaughan,55 NEW HUNTINGTON RD,VAUGHAN,CA,L4H 0S8,(289) 459-0921,,CA,EC
C Mississauga,1570 DUNDAS STE,MISSISSAUGA,CA,L4X 1L4,(905) 566-2400,,CA,EC
Barrie,41 MAPLEVIEW DR E,BARRIE,CA,L4N 9A9,(705) 728-2350,,CA,EC
Etobicoke,50 QUEEN ELIZABETH BLVD,ETOBICOKE,CA,M8Z 1M1,(416) 251-2832,,CA,EC
Vaughan,71 COLOSSUS DR,WOODBRIDGE,CA,L4L 9J8,(905) 264-8337,,CA,EC
Downsview,100 BILLY BISHOP WAY,NORTH YORK,CA,M3K 2C8,(416) 635-8175,,CA,EC
Newmarket,18182 YONGE ST,EAST GWILLIMBURY,CA,L9N 0J3,(905) 954-4733,,CA,EC
Richmond Hill,35 JOHN BIRCHALL RD,RICHMOND HILL,CA,L4S 0B2,(905) 780-2100,,CA,EC
Thorncliffe Park,42 OVERLEA BLVD,TORONTO,CA,M4H 1B6,(647) 265-9377,,CA,EC
St Catharines Bus Ctr,3 NORTH SERVICE RD,ST. CATHARINES,CA,L2N 7R1,(289) 434-6011,,CA,CB
Markham,1 YORKTECH DR,MARKHAM,CA,L6G 1A6,(905) 477-5718,,CA,EC
Scarborough,1411 WARDEN AVE,SCARBOROUGH,CA,M1R 2S3,(416) 288-0033,,CA,EC
Scarborough Bus Ctr,50 THERMOS RD,SCARBOROUGH,CA,M1L 0E6,(647) 484-5840,,CA,CB
Niagara Falls,7500 PIN OAK DRIVE,NIAGARA FALLS,CA,L2H 2E9,(365) 447-0200,,CA,EC
Orillia,625 UNIVERSITY AVE,ORILLIA,CA,L3V 0Y7,(705) 418-1706,,CA,EC
E Markham,65 KIRKHAM DR,MARKHAM,CA,L3S 0A9,(905) 201-3502,,CA,EC
Ajax,150 KINGSTON RD E,AJAX,CA,L1Z 1E5,(905) 619-6677,,CA,EC
Oshawa,130 RITSON RD NORTH,OSHAWA,CA,L1G 0A6,(905) 404-4050,,CA,EC
Okotoks,202-104 SOUTHBANK BLVD,OKOTOKS,CA,T1S 0K4,(403) 995-5150,,CA,WC
E Calgary,75 EAST HILLS BLVD SE,CALGARY,CA,T2A 6J8,(587) 470-4490,,CA,WC
S Calgary,99 HERITAGE GATE SE,CALGARY,CA,T2H 3A7,(403) 313-7647,,CA,WC
SW Calgary,12905 BUFFALO RUN BLVD,TSUUT'INA,CA,T3T 0E3,(587) 441-8180,,CA,WC
N Calgary,2853 32 ST NE,CALGARY,CA,T1Y 6T7,(403) 299-1610,,CA,WC
Peterborough,485 THE PARKWAY,PETERBOROUGH,CA,K9J 0B3,(705) 750-2600,,CA,EC
Rocky View,300-293020 CROSSIRON COMMON,ROCKY VIEW COUNTY,CA,T4A 0J6,(403) 516-5050,,CA,WC
NW Calgary,11588 SARCEE TRAIL NW,CALGARY,CA,T3R 0A1,(403) 516-3701,,CA,WC
Red Deer,162 LEVA AVE,RED DEER,CA,T4E 0A5,(403) 347-1424,,CA,WC
Kingston,1015 CENTENNIAL DR,KINGSTON,CA,K7P 3B7,(613) 549-2527,,CA,EC
Nisku,2584 46TH AVE EAST,EDMONTON INTERNATIONAL AIRPORT,CA,T9E 1K2,(825) 319-2061,,CA,WC
S Edmonton,2616 91 ST NW,EDMONTON,CA,T6N 1N2,(780) 577-1201,,CA,WC
Sherwood Park,2201 BROADMOOR BLVD,SHERWOOD PARK,CA,T8H 0A1,(780) 410-2521,,CA,WC
E Edmonton,13650 50 ST NW,EDMONTON,CA,T5A 4Y3,(780) 478-0066,,CA,WC
W Edmonton,7259 WINTERBURN RD NW,EDMONTON,CA,T5T 4K2,(780) 341-2800,,CA,WC
N Edmonton,12450 149 ST NW,EDMONTON,CA,T5V 1G9,(780) 455-7575,,CA,WC
W Edmonton Bus Ctr,10310 186 STREET NW,EDMONTON,CA,T5S 2X6,(825) 525-5771,,CA,CB
St Albert,1075 ST ALBERT TRAIL,ST. ALBERT,CA,T8N 4K6,(780) 544-2000,,CA,WC
Kanata,770 SILVER SEVEN RD,KANATA,CA,K2V 0A1,(613) 270-5550,,CA,EC
Barrhaven,4315 STRANDHERD DR,NEPEAN,CA,K2J 6E5,(613) 714-0913,,CA,EC
Nepean,1849 MERIVALE RD,NEPEAN,CA,K2G 1E3,(613) 727-4786,,CA,EC
Gatineau,1100 BOUL MALONEY OUEST,GATINEAU,CA,J8T 6G3,(819) 246-4005,,CA,EC
Gloucester Bus Ctr,1900 CYRVILLE RD,GLOUCESTER,CA,K1B 1A5,(343) 771-2100,,CA,CB
Gloucester,1405 BLAIR TOWERS PLACE,GLOUCESTER,CA,K1J 1A5,(613) 691-7607,,CA,EC
Kelowna,2125 BARON ROAD,KELOWNA,CA,V1X 0B2,(250) 870-5200,,CA,WC
Kamloops,1675 VERSATILE DR,KAMLOOPS,CA,V1S 1W7,(250) 374-5336,,CA,WC
Vaudreuil,22400 CH DUMBERRY,VAUDREUIL-DORION,CA,J7V 0M8,(450) 510-8945,,CA,EC
St Jerome,1001 BOUL JEAN-BAPTISTE-ROLLAND,SAINT-JEROME,CA,J7Y 4Y7,(450) 476-9000,,CA,EC
Pointe Claire,5701 AUT TRANSCANADIENNE,POINTE-CLAIRE,CA,H9R 1B7,(514) 426-5052,,CA,EC
Boisbriand,3600 AVE DES GRANDES TOURELLES,BOISBRIAND,CA,J7H 0A1,(450) 420-4500,,CA,EC
Laval,2999 AUTOROUTE LAVAL 440 OUEST,LAVAL,CA,H7P 5P4,(450) 686-7420,,CA,EC
Marche Central,1015 RUE DU MARCHE CENTRAL,MONTREAL,CA,H4N 3J8,(514) 381-1251,,CA,EC
Montreal,300 RUE BRIDGE,MONTREAL,CA,H3K 2C3,(514) 938-5170,,CA,EC
Candiac,60 RUE STRASBOURG,CANDIAC,CA,J5R 0B4,(450) 444-3453,,CA,EC
Anjou,9401 BOULEVARD DES SCIENCES,ANJOU,CA,H1J 0A6,(514) 493-4814,,CA,EC
Brossard,9430 BOUL TASCHEREAU,BROSSARD,CA,J4X 2W2,(450) 444-4466,,CA,EC
Abbotsford,1127 SUMAS WAY,ABBOTSFORD,CA,V2S 8H2,(604) 850-3458,,CA,WC
Terrebonne,870 MONTEE DES PIONNIERS,TERREBONNE,CA,J6V 1N9,(450) 657-4353,,CA,EC
St Hubert Bus Ctr,5025 BOUL COUSINEAU,SAINT-HUBERT,CA,J3Y 3K7,(438) 469-5703,,CA,CB
Boucherville,635 CHEMIN DE TOURAINE,BOUCHERVILLE,CA,J4B 5E4,(450) 645-2631,,CA,EC
Saint-Hubert,1000 BOUL SAINT-BRUNO,SAINT-BRUNO,CA,J3V 6P4,(579) 314-0046,,CA,EC
Langley,20499 64 AVE,LANGLEY,CA,V2Y 1N5,(604) 539-8901,,CA,WC
Port Coquitlam,2370 OTTAWA ST,PORT COQUITLAM,CA,V3B 7Z1,(604) 552-2228,,CA,WC
Surrey,7423 KING GEORGE BLVD,SURREY,CA,V3W 5A8,(604) 596-7435,,CA,WC
Burnaby,3550 BRIGHTON AVE,BURNABY,CA,V5A 4W3,(604) 420-2668,,CA,WC
Willingdon,4500 STILL CREEK DR,BURNABY,CA,V5C 0E5,(604) 435-6695,,CA,WC
Richmond BC,9151 BRIDGEPORT RD,RICHMOND,CA,V6X 3L9,(604) 270-3647,,CA,WC
Langford,799 MCCALLUM DR,VICTORIA,CA,V9B 6A2,(250) 391-1151,,CA,WC
Vancouver BC,605 EXPO BLVD,VANCOUVER,CA,V6B 1V4,(604) 622-5050,,CA,WC
Drummondville,105 RUE ROBERT-BERNARD,DRUMMONDVILLE,CA,J2C 0P6,(819) 473-7575,,CA,EC
Trois Rivieres,3000 DES RECOLLETS,TROIS-RIV OUEST,CA,G9A 6J2,(819) 693-5758,,CA,EC
Sherbrooke,3800 BOUL MGR-FORTIER,SHERBROOKE,CA,J1L 0J6,(873) 500-5544,,CA,EC
Nanaimo,6700 ISLAND HWY N,NANAIMO,CA,V9V 1K8,(250) 390-3231,,CA,WC
Grande Prairie,9901 116 ST,GRANDE PRAIRIE,CA,T8V 5W3,(780) 538-2788,,CA,WC
Sainte-Foy,3233 WATT,QUEBEC,CA,G1X 4W2,(418) 656-0666,,CA,EC
Levis,1160 RUE DE LA CONCORDE,LEVIS,CA,G6W 0M4,(418) 834-7100,,CA,EC
Quebec,440 RUE BOUVIER,QUEBEC,CA,G2J 1E3,(418) 627-5100,,CA,EC
Courtenay,588 CROWN ISLE BLVD,COURTENAY,CA,V9N 0A6,(250) 331-8700,,CA,WC
Chicoutimi,2500 BOUL TALBOT RR4,CHICOUTIMI,CA,G7H 5B1,(418) 696-1112,,CA,EC
Prince George,2555 RANGE RD,PRINCE GEORGE,CA,V2N 4G8,(250) 561-0784,,CA,WC
Fredericton,25 WAYNE SQUIBB BLVD,FREDERICTON,CA,E3C 0G8,(506) 460-4100,,CA,EC
Saint John,300 RETAIL DRIVE,SAINT JOHN,CA,E2J 2R2,(506) 635-5300,,CA,EC
Moncton,140 GRANITE DR,MONCTON,CA,E1H 0K6,(506) 317-0423,,CA,EC
Halifax,230 CHAIN LAKE DR,HALIFAX,CA,B3S 1C5,(902) 876-7788,,CA,EC
Dartmouth,137 COUNTRYVIEW DR,DARTMOUTH,CA,B3B 0E7,(902) 481-7635,,CA,EC
St Johns,75 DANNY DR,ST. JOHN'S,CA,A1H 0N4,(709) 701-8929,,CA,EC
Glasgow,15 COBDEN ROAD,"SPRINGBURN, GLASGOW",GB,G21 1YX,(0141) 553 2205,,GB,UK
Aberdeen,ARNHALL BUSINESS PARK,"WESTHILL, ABERDEENSHIRE",GB,AB32 6UF,(01224) 745 566,,GB,UK
Edinburgh,PENTLAND ROAD,LOANHEAD EDINBURGH,GB,EH20 9BY,(0131) 440 4518,,GB,UK
Gateshead,MANDELA WAY,GATESHEAD,GB,NE11 9DH,(0191) 461 9806,,GB,UK
Liverpool,30 WATERLOO RD,LIVERPOOL,GB,L3 7HY,(0151) 224 7675,,GB,UK
Chester,CHESTER GATES,CHESTER,GB,CH1 6LT,(01244) 852 075,,GB,UK
Haydock,ANDOVER ROAD,HAYDOCK MERSEYSIDE,GB,WA11 9FA,(01942) 868 601,,GB,UK
Manchester UK,BARTON DOCK ROAD,MANCHESTER,GB,M41 7PP,(0161) 749 4365,,GB,UK
Oldham,THE BROADWAY CHADDERTON,OLDHAM,GB,OL9 8AU,(0161) 684 2005,,GB,UK
Leeds,LEATHLEY ROAD,"HUNSLET, LEEDS",GB,LS10 1BG,(0113) 204 2925,,GB,UK
Sheffield,UNIT 8 THE PARKWAY 1,SHEFFIELD,GB,S9 4WU,(0114) 242 7595,,GB,UK
Cardiff,CAPITAL RETAIL PARK,CARDIFF,GB,CF11 8EG,(029) 2078 7520,,GB,UK
Derby,WYVERN WAY,DERBY,GB,DE21 6RS,(01332) 680 805,,GB,UK
Birmingham,100 WATSON ROAD,BIRMINGHAM,GB,B7 5SA,(0121) 326 3505,,GB,UK
Bristol,ST BRENDANS WAY,AVONMOUTH BRISTOL,GB,BS11 9EZ,(0117) 916 0135,,GB,UK
Coventry,51 TORRINGTON AVE,COVENTRY,GB,CV4 9AQ,(024) 7685 4665,,GB,UK
Leicester,3 WESTMORELAND AVE,THURMASTON,GB,LE4 8PH,(0116) 269 0736,,GB,UK
Milton Keynes,MANDEVILLE DRIVE,KINGSTON MILTON KEYNES,GB,MK10 0DB,(01908) 285 025,,GB,UK
Reading,100 SOUTH OAK WAY,"READING, BERKS",GB,RG2 6UE,(0118) 920 7105,,GB,UK
Southampton,REGENTS PARK ROAD,SOUTHAMPTON,GB,SO15 8TA,(02380) 764 810,,GB,UK
Stevenage,GUNNELS WOOD ROAD,STEVENAGE,GB,SG1 2FW,,,GB,UK
Farnborough,TEMPLE AVENUE,FARNBOROUGH HAMPSHIRE,GB,GU14 6FE,(01252) 896 935,,GB,UK
Watford,HARTSPRING LANE,"WATFORD, HERTS",GB,WD25 8JS,(01923) 699 805,,GB,UK
Hayes,WESTERN INTERNATIONAL PARK,HAYES MIDDLESEX,GB,UB2 5XJ,(020) 8571 8675,,GB,UK
Wembley,30 SECOND WAY,WEMBLEY MIDDLESEX,GB,HA9 0YJ,(020) 3862 1805,,GB,UK
Sunbury,HANWORTH ROAD,SUNBURY SURREY,GB,TW16 5LN,(01932) 508 100,,GB,UK
Chingford,1 SHADBOLT AVENUE,CHINGFORD,GB,E4 8GP,(020) 8501 9305,,GB,UK
Croydon,29 IMPERIAL WAY,CROYDON SURREY,GB,CR0 4RR,(020) 8253 4105,,GB,UK
Thurrock,WEST THURROCK WAY,"WEST THURROCK, ESSEX",GB,RM20 3WY,(01708) 860 557,,GB,UK
Bilbao,SECTOR IBARZAHARRA AIS IB 06,SESTAO,ES,48510,,,ES,ES
Getafe,POLÍGONO EMPRESARIAL LOS GAVILANES,GETAFE (MADRID),ES,28906,,,ES,ES
Las Rozas,S.L.U LAS ROZAS 5478,LAS ROZAS,ES,28232,,,ES,ES
Villebon,3 AVENUE DE BRÉHAT,VILLEBON(PARIS),FR,91140,3316953613,,FR,FR
Pontault Combault,35 ROUTE DE PARIS,PONTAULT-COMBAULT,FR,77340,+331804501,,FR,FR
Seville,POL. INDUSTRIAL HIGUERÓN SUR,SEVILLE,ES,41015,,,ES,ES
Kauptun,KAUPTUN 3-7,KAUPTUN,IS,,3545325564,,IS,IS
Suzhou,"NO.9, CHENG-JI RD",SUZHOU CITY,CH,215011,,,CH,CH
Minhang,NO. 235 ZHUJIAN ROAD,SHANGHAI,CH,201106,,,CH,CH
Tainan,"NO. 8, SEC. 4, HEWEI RD.",TAINAN,TW,704,,,TW,TW-SO
Chiayi,"NO.668, ZHONGXIAO RD.",CHIAYI,TW,600,,,TW,TW-SO
Taichung,"NO. 289, WENXIN SOUTH 3RD RD.",TAICHUNG,TW,408,437042855,,TW,TW-CE
North Taichung,NO 366 DUNFU ROAD,TAICHUNG,TW,406,,,TW,TW-NO
N Kaohsiung,"NO. 111, DASHUN 1ST RD.",KAOHSIUNG,TW,804,,,TW,TW-SO
Kaohsiung,"NO. 656, CHUNG HWA 5TH RD.",KAOHSIUNG,TW,806,73380006,,TW,TW-SO
Hsin Chu,"NO.188, CIHYUN RD.",HSINCHU,TW,300,8863563800,,TW,TW-NO
Chungli South,"NO.508, SEC. 6, MINTZU RD.",TAOYUAN,TW,320,,,TW,TW-NO
Taoyuan,"NO. 369, SEC. 1, NANKAN RD",TAOYUAN,TW,338,,,TW,TW-NO
Sinjhuang,"NO. 138, JIANGUO 1ST RD.",NEW TAIPEI CITY,TW,242,,,TW,TW-NO
Beitou,"NO.117, LIDE RD.",TAIPEI,TW,112,,,TW,TW-NO
Chungho,"NO. 347, SEC. 2, CHUNG SHAN RD.",CHUNG HO,TW,235,222425289,,TW,TW-NO
Nei Hu,"NO. 268, SEC. 1, JIU ZONG RD.",NEIHU,TW,114,287910110,,TW,TW-NO
Songdo,"98, SONGDO-DONG",INCHEON-SI,KO,406840,,,KO,KO-SE
Shih Chih,"NO. 158, SEC 1, DA TUNG RD.",SHIH CHIH,TW,221,226907335,,TW,TW-NO
ILSAN,25 JANGBAEK-RO,"ILSANDONG-GU, GOYANG-SI,GYEONGGI-DO",KO,10449,18999900,,KO,KO-SE
Yangpyung,"156, SEONYU-RO","YEONGDEUNGPO-GU, SEOUL",KO,7255,18999900,,KO,KO-SE
Gwangmyeong,"40, ILJIK-RO","GWANGMYEONG-SI, GYEONGGI-DO",KO,14347,18999900,,KO,KO-SE
EUIJEONGBU,9 YONGMIN-RO 489BEON-GIL,"EUIJEONGBU-SI, GYEONGGI-DO",KO,11815,18999900,,KO,KO-SE
Yangjae,159 YANGJAE-DAERO,"SEOUL, KOREA",KO,6772,2575720289,,KO,KO-SE
Sangbong,336 MANGU-RO,"SEOUL, KOREA",KO,2150,18999900,,KO,KO-SE
Gongse,38 TAPSIL-RO,"YONGIN-SI, GYEONGGI-DO",KO,17084,18999900,,KO,KO-SE
Hanam,"40, MISAGANGBYEONJUNGANG-RO",HANAM,KO,12938,,,KO,KO-SE
Cheonan,"77, 3GONGDAN 6-RO","CHEONAN-SI, CHUNGCHEONGNAM-DO",KO,31085,18999900,,KO,KO-CE
Sejong,"14, JONGHABUNDONGJANG- 1 RO",SEJONG,KO,30154,,,KO,KO-SE
Daejeon,41 ORYU-RO,"JUNG-GU, DAEJEON",KO,34906,18999900,,KO,KO-CE
Daegu,"97, GEOMDAN-RO","BUK-GU, DAEGU",KO,41516,18999900,,KO,KO-CE
Daegu Innovation City,"10, CHEOMDAN-RO, DONG-GU",DAEGU,KO,41069,18999900,,KO,KO-SE
Busan,"137, GURAK-RO",BUSAN,KO,48212,,,KO,KO-BS
Ulsan,78-12 JINJANGYUTONG-RO,"BUK-GU, ULSAN",KO,44248,18999900,,KO,KO-BS
Hisayama,1152-1 TAKAYANAGI YAMADA,KASUYA-GUN,JP,811-2502,929319092,,JP,JP-KY
Cancún,AV. KABAH ESQ. AV. YAXCHILAN,BENITO JUAREZ,MX,77500,9988810250,,MX,MX-SU
Mérida,CALLE 3-B,MÉRIDA,MX,97110,,,MX,MX-NO
Perth Airport,142 DUNREATH DRIVE,PERTH,AU,6105,,,AU,AU-EA
Moorabbin,8 CHIFLEY DRIVE,"MOORABBIN AIRPORT, VIC",AU,3194,,,AU,AU-EA
Docklands,381 FOOTSCRAY RD,MELBOURNE,AU,3008,386020381,,AU,AU-SO
Ringwood,29 BOND ST,RINGWOOD,AU,3134,,,AU,AU-SO
Epping,60 DEVENY ROAD,EPPING,AU,3076,,,AU,AU-EA
Adelaide,TENANCY 3.B.1,"ADELAIDE, SA.",AU,5086,,,AU,AU-EA
Canberra,"39-41 MUSTANG AVE, MAJURA PARK",CANBERRA,AU,2609,,,AU,AU-EA
Auckland,2 GUNTON DRIVE,WESTGATE,NZ,814,,,NZ,NZ
Crossroads,20 PARKERS FARM PLACE,CASULA,AU,2170,,,AU,AU-EA
Auburn,15-21 PARRAMATTA ROAD,LIDCOMBE,AU,2141,,,AU,AU-EA
Marsden Park,43 HOLLINSWORTH RD,SYDNEY,AU,2765,,,AU,AU-EA
Lake Macquarie,1 CRESSY RD,BOOLAROO,AU,2284,,,AU,AU-EA
Ipswich,1 WOOD STREET,BUNDAMBA,AU,4304,,,AU,AU-EA
North Lakes,17-39 COOK COURT,NORTH LAKES,AU,4509,,,AU,AU-EA
Veracruz,BLVD ADOLFO RUIZ CORTINEZ 1228,BOCA DEL RIO,MX,94294,2299236500,,MX,MX-SU
Puebla,BLVD. DEL NINO POBLANO 2904,PUEBLA,MX,72197,2222735300,,MX,MX-CE
Xalapa,CARR. XALAPA-VERACRUZ 366,XALAPA,MX,91190,2288416300,,MX,MX-SU
Cuernavaca,AV. VICENTE GUERRERO 205,CUERNAVACA,MX,62270,7771010510,,MX,MX-CE
Coapa,CALLE PUENTE 186,COYOACAN,MX,14380,5554839080,,MX,MX-NO
Mixcoac,BLVD. ADOLFO LOPEZ MATEOS 1181,ALVARO OBREGON,MX,1180,5552768160,,MX,MX-NO
Santa Fe,AV. TAMAULIPAS 1300 LOMAS DE SANTA,MEXICO CITY,MX,5000,,,MX,MX-NO
Morelia,PERIFERICO INDEPENDENCIA 1000,MORELIA,MX,58089,4433223000,,MX,MX-CE
Toluca,CALLE AV SS JUAN PABLO II N. 501 N,METEPEC,MX,52140,7222757020,,MX,MX-CE
Interlomas,AV. MAGNOCENTRO NO. 4,HUIXQUILUCAN,MX,99999,5559500400,,MX,MX-CE
Villahermosa,"CIRCUITO EXT. CARLOS PELLICER, #403",VILLA HERMOSA,MX,86170,,,MX,MX-NO
Polanco,AVENIDA MIGUEL DE CERVANTES SAAVEDR,MEXICO,MX,11500,5521220260,,MX,MX-NO
Lindavista,AVENIDA INSURGENTES NORTE #1320,DELEGACIÓN GUSTAVO A. MADERO,MX,7760,,,MX,MX-NO
Satélite,CIRCUITO CENTRO COMERCIAL 2001,NAUCALPAN,MX,53100,5553749940,,MX,MX-CE
Arboledas,CALLE SAN NICOLAS 10,TLALNEPANTLA,MX,54030,5553213280,,MX,MX-CE
Atizapán,AVENIDA RUIZ CORTINEZ #1,ATIZAPAN DE ZARAGOZA,MX,52977,,,MX,MX-NO
Querétaro,BLVD. BERNARDO QUINTANA A. 4107,QUERETARO,MX,76169,4422116700,,MX,MX-CE
Celaya,AV. TECNOLOGICO 651,CELAYA,MX,38010,4611921300,,MX,MX-CE
Kisarazu,"1 KAKUCHI, 2GAIKU",KISARAZU,JP,292-0822,,,JP,JP-KA
Makuhari,"1-4 TOYOSUNA,",CHIBA CITY,JP,261-0024,432134111,,JP,JP-KA
Chiba New Town,3-1186-4 IZUMINO INZAI,CITY,JP,270-1360,,,JP,JP-KA
Kanazawa,2-6 SACHIURA KANAZAWA-KU,KANAGAWA,JP,236-0003,1457916001,,JP,JP-KA
Kitakyushu,1-2-12 HONJO GAKKEN-DAI,KYUSHU-CITY,JP,807-0807,,,JP,JP-KY
Hiroshima,2-514 MINAMI KANIYA,HIROSHIMA-SHI,JP,,,,JP,JP-TO
Kobe,868-26 AZA-KODUKAYAMA,KOBE-CITY,JP,655-0001,,,JP,JP-KI
Izumi,AYUMINO - 4,IZUMI,JP,594-1157,,,JP,JP-KI
Amagasaki,3-13-55 TSUGIYA,AMAGASAKI CITY,JP,661-0965,664961600,,JP,JP-KI
Yawata,5 KINMEIDAI,"YAWATA CITY, KYOTO",JP,614-8294,759713700,,JP,JP-KI
Nonoichi,1-1 TOCHIKUKAKU,NONOICHI CITY,JP,,,,JP,JP-KA
Hashima,2422-1 NAGAMA,HASHIMA CITY GIFU,JP,921-8848,,,JP,JP-KA
Chubu,1-25-14 RINKU-CHO TOKONAME CITY,AICHI,JP,479-0882,,,JP,JP-CH
Moriyama,70 GAIKU 1-1,NAGOYA CITY,JP,Aichi,,,JP,JP-KA
Imizu,1-1 KOSUGI INTERPARK,IMIZU CITY,JP,,,,JP,JP-KA
Hamamatsu,"1020-28 KAMINISHICHO, HIGASHI-KU",HAMAMATSU-SHI,JP,435-0048,,,JP,JP-KA
Kumamoto,689-1 AZAMIYATA,KAMIMASHIKI-GUN,JP,Kumamoto,,,JP,JP-KA
Maebashi,137-2 TSURUKOJI-MACHI,"MAEBASHI CITY,",JP,379-2143,,,JP,JP-KA
Tamasakai,3-6-1 OYAMAGAOKA,MACHIDA CITY,JP,194-0215,427986001,,JP,JP-KA
Iruma,3169-2 MIYADERA,IRUMA CITY,JP,358-0014,8142935220,,JP,JP-KA
Zama,1-13-3 HIGASHIHARA,ZAMA CITY,JP,252-0004,462982900,,JP,JP-KA
San Luis Potosi,AV. CHAPULTEPEC 200,SAN LUIS POTOSI,MX,78260,(444) 834-1600,,MX,MX-CE
León Torres Landa,BLVD. JUAN TORRES LANDA 4137,LEON GUANAJUATO,MX,37229,4422116700,,MX,MX-CE
Los Cabos,CARR. TRANSPENISULAR KM. 4.5,LOS CABOS,MX,23400,6241467180,,MX,MX-NO
Ensenada,CARR. TRANSPENINSULAR LA PAZ 4179,ENSENADA,MX,22830,(646) 172-3810,,MX,MX-NO
Tijuana La Mesa,AV. CALLE DE LA ROCAS 8351,TIJUANA,MX,22104,6646226500,,MX,MX-NO
Tijuana Rio,BLVD. RODOLFO SANCHEZ TAB. 8943,TIJUANA,MX,22320,6646333555,,MX,MX-NO
Puerto Vallarta,AV. FLUVIAL VALLARTA 134,PUERTO VALLARTA,MX,48300,3222262580,,MX,MX-CE
Guadalajara Vallarta,AV. VALLARTA 4775,GUADALAJARA,MX,45020,3337774040,,MX,MX-CE
Guadalajara López Mateos,BLVD ADOLFO LOPEZ MATEOS 3100,TLAJOMULCO DE ZUNIGA,MX,45645,3332833330,,MX,MX-CE
Aguascalientes,BLVD. AGUASCALIENTES NORTE 802,AGUASCALIENTES,MX,20864,(449) 910-9760,,MX,MX-CE
Kawasaki,3-1-4 IKEGAMISHIN-MACHI,KAWASAKI CITY,JP,210-0832,8144270114,,JP,JP-KA
Shin Misato,3-1-2 LALA CITY,MISATO CITY,JP,341-0009,8148950080,,JP,JP-KA
Hitachinaka,41-2 SHINKO-CHO,HITACHINAKA,JP,312-0005,,,JP,JP-KA
Tsukuba,503-2 NISHIHIRATSUKA,TSUKUBA CITY,JP,305-0814,298505600,,JP,JP-KA
Tomiya,"1B-1L 24-6, AZA-KITASAWA",TOMIYA-MACHI KUROKAWA-GUN,JP,981-3311,,,JP,JP-KA
Kaminoyama,21 MIHARASHINOOKA,KAMINOYAMA CITY,JP,,,,JP,JP-KA
Sapporo,9-3-1 UTSUKUSHIGAOKA ICHIJYOU,SAPPORO CITY,JP,004-0811,8111887555,,JP,JP-HO
Monterrey Carretera Nacnl,CARRETERA NACIONAL 5001 KM 268 500,MONTERREY,MX,64984,8112240050,,MX,MX-CE
Monterrey Valle,LAZARO CARDENAS 800,MONTERREY,MX,66269,8181339800,,MX,MX-CE
León Campestre,EUGENIO GARZA SADA #102,LEÓN GUANAJUATO,MX,37150,,,MX,MX-CE
Monterrey Cumbres,ALEJANDRO DE RODAS 6767,NUEVO LEON,MX,64340,(818) 121-0070,,MX,MX-CE
Saltillo,BOULEVARD VENUSTIANO CARRANZA,SALTILLO,MX,25204,,,MX,MX-NO
Ishikari,2-733-1 SHINKOMINAMI,ISHIKARI CITY,JP,Hokkaido,,,JP,JP-KA
Culiacán,BOULEVARD PEDRO INFANTE,CULIACÁN,MX,80020,,,MX,MX-NO
Chihuahua,AV DE LA JUVENTUD # 7513,CHIHUAHUA,MX,31115,6144326900,,MX,MX-NO
Juárez,RANCHO AGUACALIENTE 6911,CD JUAREZ,MX,32610,6562276800,,MX,MX-NO
Hermosillo,AV. LUIS DONALDO COLOSIO 416,HERMOSILLO,MX,83200,6622360620,,MX,MX-NO
Mexicali,CARR. SAN LUIS RIO COL KM. 7.5,MEXICALI,MX,21397,6865804530,,MX,MX-NO